Case_ID,Activity,Resource,Start_Timestamp,Complete_Timestamp,Variant,Variant_index,(case)_ApplicationType,(case)_creditGoal,(case)_RequestedAmount,Accepted,Action,CreditScore,EventID,EventOrigin,FirstWithdrawalAmount,MonthlyCost,NumberOfTerms,OfferID,OfferedAmount,Selected,lifecycle:transition,starttimestamp,endtimestamp
Application_652823628,A_Create Application,User_1,2016/01/01 10:51:15.304,2016/01/01 10:51:15.304,Variant 2,2,New credit,Existing credit takeover,2e4,NA,Created,NA,Application_652823628,Application,NA,NA,NA,NA,NA,NA,complete,2016-01-01T09:51:15Z,2016-01-01T09:51:15Z
Application_652823628,A_Submitted,User_1,2016/01/01 10:51:15.352,2016/01/01 10:51:15.352,Variant 2,2,New credit,Existing credit takeover,2e4,NA,statechange,NA,ApplState_1582051990,Application,NA,NA,NA,NA,NA,NA,complete,2016-01-01T09:51:15Z,2016-01-01T09:51:15Z
Application_652823628,A_Concept,User_1,2016/01/01 10:52:36.413,2016/01/01 10:52:36.413,Variant 2,2,New credit,Existing credit takeover,2e4,NA,statechange,NA,ApplState_642383566,Application,NA,NA,NA,NA,NA,NA,complete,2016-01-01T09:52:36Z,2016-01-01T09:52:36Z
Application_652823628,W_Complete application,User_17,2016/01/02 11:45:22.429,2016/01/02 11:45:22.429,Variant 2,2,New credit,Existing credit takeover,2e4,NA,Obtained,NA,Workitem_1875340971,Workflow,NA,NA,NA,NA,NA,NA,start,2016-01-02T10:45:22Z,2016-01-02T10:45:22Z
Application_652823628,A_Accepted,User_52,2016/01/02 12:23:04.299,2016/01/02 12:23:04.299,Variant 2,2,New credit,Existing credit takeover,2e4,NA,statechange,NA,ApplState_99568828,Application,NA,NA,NA,NA,NA,NA,complete,2016-01-02T11:23:04Z,2016-01-02T11:23:04Z
Application_652823628,O_Create Offer,User_52,2016/01/02 12:29:03.994,2016/01/02 12:29:03.994,Variant 2,2,New credit,Existing credit takeover,2e4,true,Created,979,Offer_148581083,Offer,2e4,498.29,44,NA,2e4,true,complete,2016-01-02T11:29:03Z,2016-01-02T11:29:03Z
Application_652823628,O_Created,User_52,2016/01/02 12:29:05.354,2016/01/02 12:29:05.354,Variant 2,2,New credit,Existing credit takeover,2e4,NA,statechange,NA,OfferState_1514834199,Offer,NA,NA,NA,Offer_148581083,NA,NA,complete,2016-01-02T11:29:05Z,2016-01-02T11:29:05Z
Application_652823628,O_Sent (mail and online),User_52,2016/01/02 12:30:28.606,2016/01/02 12:30:28.606,Variant 2,2,New credit,Existing credit takeover,2e4,NA,statechange,NA,OfferState_2051164740,Offer,NA,NA,NA,Offer_148581083,NA,NA,complete,2016-01-02T11:30:28Z,2016-01-02T11:30:28Z
Application_652823628,W_Call after offers,User_52,2016/01/02 12:30:28.631,2016/01/02 12:30:28.631,Variant 2,2,New credit,Existing credit takeover,2e4,NA,Obtained,NA,Workitem_719909876,Workflow,NA,NA,NA,NA,NA,NA,start,2016-01-02T11:30:28Z,2016-01-02T11:30:28Z
Application_652823628,A_Complete,User_52,2016/01/02 12:30:28.633,2016/01/02 12:30:28.633,Variant 2,2,New credit,Existing credit takeover,2e4,NA,statechange,NA,ApplState_946455804,Application,NA,NA,NA,NA,NA,NA,complete,2016-01-02T11:30:28Z,2016-01-02T11:30:28Z
Application_652823628,W_Validate application,User_117,2016/01/13 14:10:55.145,2016/01/13 14:10:55.145,Variant 2,2,New credit,Existing credit takeover,2e4,NA,Obtained,NA,Workitem_1641716416,Workflow,NA,NA,NA,NA,NA,NA,start,2016-01-13T13:10:55Z,2016-01-13T13:10:55Z
Application_652823628,A_Validating,User_117,2016/01/13 14:10:55.973,2016/01/13 14:10:55.973,Variant 2,2,New credit,Existing credit takeover,2e4,NA,statechange,NA,ApplState_752879093,Application,NA,NA,NA,NA,NA,NA,complete,2016-01-13T13:10:55Z,2016-01-13T13:10:55Z
Application_652823628,O_Returned,User_117,2016/01/13 14:11:03.569,2016/01/13 14:11:03.569,Variant 2,2,New credit,Existing credit takeover,2e4,NA,statechange,NA,OfferState_1310330551,Offer,NA,NA,NA,Offer_148581083,NA,NA,complete,2016-01-13T13:11:03Z,2016-01-13T13:11:03Z
Application_652823628,W_Call incomplete files,User_115,2016/01/14 10:16:20.972,2016/01/14 10:16:20.972,Variant 2,2,New credit,Existing credit takeover,2e4,NA,Obtained,NA,Workitem_2031858979,Workflow,NA,NA,NA,NA,NA,NA,start,2016-01-14T09:16:20Z,2016-01-14T09:16:20Z
Application_652823628,A_Incomplete,User_115,2016/01/14 10:16:20.974,2016/01/14 10:16:20.974,Variant 2,2,New credit,Existing credit takeover,2e4,NA,statechange,NA,ApplState_390139749,Application,NA,NA,NA,NA,NA,NA,complete,2016-01-14T09:16:20Z,2016-01-14T09:16:20Z
Application_652823628,W_Validate application,User_117,2016/01/14 14:39:51.494,2016/01/14 14:39:51.494,Variant 2,2,New credit,Existing credit takeover,2e4,NA,Obtained,NA,Workitem_2071763612,Workflow,NA,NA,NA,NA,NA,NA,start,2016-01-14T13:39:51Z,2016-01-14T13:39:51Z
Application_652823628,A_Validating,User_117,2016/01/14 14:39:51.556,2016/01/14 14:39:51.556,Variant 2,2,New credit,Existing credit takeover,2e4,NA,statechange,NA,ApplState_1264188685,Application,NA,NA,NA,NA,NA,NA,complete,2016-01-14T13:39:51Z,2016-01-14T13:39:51Z
Application_652823628,O_Accepted,User_115,2016/01/14 16:49:11.416,2016/01/14 16:49:11.416,Variant 2,2,New credit,Existing credit takeover,2e4,NA,statechange,NA,OfferState_1093322349,Offer,NA,NA,NA,Offer_148581083,NA,NA,complete,2016-01-14T15:49:11Z,2016-01-14T15:49:11Z
Application_652823628,A_Pending,User_115,2016/01/14 16:49:11.420,2016/01/14 16:49:11.420,Variant 2,2,New credit,Existing credit takeover,2e4,NA,statechange,NA,ApplState_1179730815,Application,NA,NA,NA,NA,NA,NA,complete,2016-01-14T15:49:11Z,2016-01-14T15:49:11Z
Application_1691306052,A_Create Application,User_1,2016/01/01 11:16:11.500,2016/01/01 11:16:11.500,Variant 388,388,New credit,Home improvement,1e4,NA,Created,NA,Application_1691306052,Application,NA,NA,NA,NA,NA,NA,complete,2016-01-01T10:16:11Z,2016-01-01T10:16:11Z
Application_1691306052,A_Submitted,User_1,2016/01/01 11:16:11.549,2016/01/01 11:16:11.549,Variant 388,388,New credit,Home improvement,1e4,NA,statechange,NA,ApplState_284636842,Application,NA,NA,NA,NA,NA,NA,complete,2016-01-01T10:16:11Z,2016-01-01T10:16:11Z
Application_1691306052,A_Concept,User_1,2016/01/01 11:17:31.594,2016/01/01 11:17:31.594,Variant 388,388,New credit,Home improvement,1e4,NA,statechange,NA,ApplState_421204851,Application,NA,NA,NA,NA,NA,NA,complete,2016-01-01T10:17:31Z,2016-01-01T10:17:31Z
Application_1691306052,W_Complete application,User_38,2016/01/02 11:50:42.796,2016/01/02 12:03:05.324,Variant 388,388,New credit,Home improvement,1e4,NA,Deleted,NA,Workitem_28216352,Workflow,NA,NA,NA,NA,NA,NA,complete,2016-01-02T10:50:42Z,2016-01-02T11:03:05Z
Application_1691306052,A_Accepted,User_38,2016/01/02 11:59:44.735,2016/01/02 11:59:44.735,Variant 388,388,New credit,Home improvement,1e4,NA,statechange,NA,ApplState_525970231,Application,NA,NA,NA,NA,NA,NA,complete,2016-01-02T10:59:44Z,2016-01-02T10:59:44Z
Application_1691306052,O_Create Offer,User_38,2016/01/02 12:02:38.994,2016/01/02 12:02:38.994,Variant 388,388,New credit,Home improvement,1e4,false,Created,0,Offer_1669071500,Offer,500,200,33,NA,6e3,false,complete,2016-01-02T11:02:38Z,2016-01-02T11:02:38Z
Application_1691306052,O_Created,User_38,2016/01/02 12:02:40.442,2016/01/02 12:02:40.442,Variant 388,388,New credit,Home improvement,1e4,NA,statechange,NA,OfferState_680973097,Offer,NA,NA,NA,Offer_1669071500,NA,NA,complete,2016-01-02T11:02:40Z,2016-01-02T11:02:40Z
Application_1691306052,O_Sent (mail and online),User_38,2016/01/02 12:03:05.300,2016/01/02 12:03:05.300,Variant 388,388,New credit,Home improvement,1e4,NA,statechange,NA,OfferState_618588716,Offer,NA,NA,NA,Offer_1669071500,NA,NA,complete,2016-01-02T11:03:05Z,2016-01-02T11:03:05Z
Application_1691306052,W_Call after offers,User_38,2016/01/02 12:03:05.343,2016/01/02 12:03:05.343,Variant 388,388,New credit,Home improvement,1e4,NA,Obtained,NA,Workitem_107760987,Workflow,NA,NA,NA,NA,NA,NA,start,2016-01-02T11:03:05Z,2016-01-02T11:03:05Z
Application_1691306052,A_Complete,User_38,2016/01/02 12:03:05.346,2016/01/02 12:03:05.346,Variant 388,388,New credit,Home improvement,1e4,NA,statechange,NA,ApplState_173433077,Application,NA,NA,NA,NA,NA,NA,complete,2016-01-02T11:03:05Z,2016-01-02T11:03:05Z
Application_1691306052,W_Validate application,User_68,2016/01/07 10:40:08.560,2016/01/07 14:29:49.725,Variant 388,388,New credit,Home improvement,1e4,NA,Deleted,NA,Workitem_72878931,Workflow,NA,NA,NA,NA,NA,NA,complete,2016-01-07T09:40:08Z,2016-01-07T13:29:49Z
Application_1691306052,A_Validating,User_119,2016/01/07 10:40:09.412,2016/01/07 10:40:09.412,Variant 388,388,New credit,Home improvement,1e4,NA,statechange,NA,ApplState_2031628358,Application,NA,NA,NA,NA,NA,NA,complete,2016-01-07T09:40:09Z,2016-01-07T09:40:09Z
Application_1691306052,A_Denied,User_68,2016/01/07 14:29:49.671,2016/01/07 14:29:49.671,Variant 388,388,New credit,Home improvement,1e4,NA,statechange,NA,ApplState_1181660825,Application,NA,NA,NA,NA,NA,NA,complete,2016-01-07T13:29:49Z,2016-01-07T13:29:49Z
Application_1691306052,O_Refused,User_68,2016/01/07 14:29:49.710,2016/01/07 14:29:49.710,Variant 388,388,New credit,Home improvement,1e4,NA,statechange,NA,OfferState_1494429296,Offer,NA,NA,NA,Offer_1669071500,NA,NA,complete,2016-01-07T13:29:49Z,2016-01-07T13:29:49Z
Application_428409768,A_Create Application,User_1,2016/01/01 12:19:38.177,2016/01/01 12:19:38.177,Variant 209,209,New credit,Home improvement,15e3,NA,Created,NA,Application_428409768,Application,NA,NA,NA,NA,NA,NA,complete,2016-01-01T11:19:38Z,2016-01-01T11:19:38Z
Application_428409768,A_Submitted,User_1,2016/01/01 12:19:38.235,2016/01/01 12:19:38.235,Variant 209,209,New credit,Home improvement,15e3,NA,statechange,NA,ApplState_105207793,Application,NA,NA,NA,NA,NA,NA,complete,2016-01-01T11:19:38Z,2016-01-01T11:19:38Z
Application_428409768,A_Concept,User_1,2016/01/01 12:20:37.422,2016/01/01 12:20:37.422,Variant 209,209,New credit,Home improvement,15e3,NA,statechange,NA,ApplState_1727723699,Application,NA,NA,NA,NA,NA,NA,complete,2016-01-01T11:20:37Z,2016-01-01T11:20:37Z
Application_428409768,W_Complete application,User_19,2016/01/02 11:55:03.169,2016/01/02 12:06:53.291,Variant 209,209,New credit,Home improvement,15e3,NA,Deleted,NA,Workitem_2003414398,Workflow,NA,NA,NA,NA,NA,NA,complete,2016-01-02T10:55:03Z,2016-01-02T11:06:53Z
Application_428409768,A_Accepted,User_19,2016/01/02 12:02:44.472,2016/01/02 12:02:44.472,Variant 209,209,New credit,Home improvement,15e3,NA,statechange,NA,ApplState_504362841,Application,NA,NA,NA,NA,NA,NA,complete,2016-01-02T11:02:44Z,2016-01-02T11:02:44Z
Application_428409768,O_Create Offer,User_19,2016/01/02 12:05:15.942,2016/01/02 12:05:15.942,Variant 209,209,New credit,Home improvement,15e3,true,Created,0,Offer_1209840642,Offer,15e3,158.98,120,NA,15e3,false,complete,2016-01-02T11:05:15Z,2016-01-02T11:05:15Z
Application_428409768,O_Created,User_19,2016/01/02 12:05:17.204,2016/01/02 12:05:17.204,Variant 209,209,New credit,Home improvement,15e3,NA,statechange,NA,OfferState_942949889,Offer,NA,NA,NA,Offer_1209840642,NA,NA,complete,2016-01-02T11:05:17Z,2016-01-02T11:05:17Z
Application_428409768,O_Sent (mail and online),User_19,2016/01/02 12:06:53.268,2016/01/02 12:06:53.268,Variant 209,209,New credit,Home improvement,15e3,NA,statechange,NA,OfferState_253970058,Offer,NA,NA,NA,Offer_1209840642,NA,NA,complete,2016-01-02T11:06:53Z,2016-01-02T11:06:53Z
Application_428409768,W_Call after offers,User_19,2016/01/02 12:06:53.312,2016/01/02 12:06:53.312,Variant 209,209,New credit,Home improvement,15e3,NA,Obtained,NA,Workitem_1340137029,Workflow,NA,NA,NA,NA,NA,NA,start,2016-01-02T11:06:53Z,2016-01-02T11:06:53Z
Application_428409768,A_Complete,User_19,2016/01/02 12:06:53.316,2016/01/02 12:06:53.316,Variant 209,209,New credit,Home improvement,15e3,NA,statechange,NA,ApplState_864110001,Application,NA,NA,NA,NA,NA,NA,complete,2016-01-02T11:06:53Z,2016-01-02T11:06:53Z
Application_428409768,O_Create Offer,User_19,2016/01/02 12:25:44.202,2016/01/02 12:25:44.202,Variant 209,209,New credit,Home improvement,15e3,true,Created,1059,Offer_997411923,Offer,15e3,158.98,120,NA,15e3,true,complete,2016-01-02T11:25:44Z,2016-01-02T11:25:44Z
Application_428409768,O_Created,User_19,2016/01/02 12:25:45.416,2016/01/02 12:25:45.416,Variant 209,209,New credit,Home improvement,15e3,NA,statechange,NA,OfferState_1967587147,Offer,NA,NA,NA,Offer_997411923,NA,NA,complete,2016-01-02T11:25:45Z,2016-01-02T11:25:45Z
Application_428409768,O_Cancelled,User_19,2016/01/02 12:26:06.088,2016/01/02 12:26:06.088,Variant 209,209,New credit,Home improvement,15e3,NA,statechange,NA,OfferState_1893960455,Offer,NA,NA,NA,Offer_1209840642,NA,NA,complete,2016-01-02T11:26:06Z,2016-01-02T11:26:06Z
Application_428409768,O_Sent (mail and online),User_19,2016/01/02 12:26:19.140,2016/01/02 12:26:19.140,Variant 209,209,New credit,Home improvement,15e3,NA,statechange,NA,OfferState_600565321,Offer,NA,NA,NA,Offer_997411923,NA,NA,complete,2016-01-02T11:26:19Z,2016-01-02T11:26:19Z
Application_428409768,W_Validate application,User_116,2016/01/13 09:57:21.342,2016/01/13 09:57:21.342,Variant 209,209,New credit,Home improvement,15e3,NA,Obtained,NA,Workitem_1121078170,Workflow,NA,NA,NA,NA,NA,NA,start,2016-01-13T08:57:21Z,2016-01-13T08:57:21Z
Application_428409768,A_Validating,User_116,2016/01/13 09:57:22.349,2016/01/13 09:57:22.349,Variant 209,209,New credit,Home improvement,15e3,NA,statechange,NA,ApplState_145257449,Application,NA,NA,NA,NA,NA,NA,complete,2016-01-13T08:57:22Z,2016-01-13T08:57:22Z
Application_428409768,O_Returned,User_116,2016/01/13 10:08:14.217,2016/01/13 10:08:14.217,Variant 209,209,New credit,Home improvement,15e3,NA,statechange,NA,OfferState_836197344,Offer,NA,NA,NA,Offer_997411923,NA,NA,complete,2016-01-13T09:08:14Z,2016-01-13T09:08:14Z
Application_428409768,W_Call incomplete files,User_101,2016/01/13 13:19:05.172,2016/01/13 13:19:05.172,Variant 209,209,New credit,Home improvement,15e3,NA,Obtained,NA,Workitem_1761470628,Workflow,NA,NA,NA,NA,NA,NA,start,2016-01-13T12:19:05Z,2016-01-13T12:19:05Z
Application_428409768,A_Incomplete,User_101,2016/01/13 13:19:05.175,2016/01/13 13:19:05.175,Variant 209,209,New credit,Home improvement,15e3,NA,statechange,NA,ApplState_572176202,Application,NA,NA,NA,NA,NA,NA,complete,2016-01-13T12:19:05Z,2016-01-13T12:19:05Z
Application_428409768,W_Validate application,User_31,2016/01/13 17:01:21.201,2016/01/13 17:01:21.201,Variant 209,209,New credit,Home improvement,15e3,NA,Obtained,NA,Workitem_394720997,Workflow,NA,NA,NA,NA,NA,NA,start,2016-01-13T16:01:21Z,2016-01-13T16:01:21Z
Application_428409768,A_Validating,User_31,2016/01/13 17:01:21.274,2016/01/13 17:01:21.274,Variant 209,209,New credit,Home improvement,15e3,NA,statechange,NA,ApplState_1022298,Application,NA,NA,NA,NA,NA,NA,complete,2016-01-13T16:01:21Z,2016-01-13T16:01:21Z
Application_428409768,O_Accepted,User_90,2016/01/14 08:00:14.440,2016/01/14 08:00:14.440,Variant 209,209,New credit,Home improvement,15e3,NA,statechange,NA,OfferState_892473715,Offer,NA,NA,NA,Offer_997411923,NA,NA,complete,2016-01-14T07:00:14Z,2016-01-14T07:00:14Z
Application_428409768,A_Pending,User_90,2016/01/14 08:00:14.450,2016/01/14 08:00:14.450,Variant 209,209,New credit,Home improvement,15e3,NA,statechange,NA,ApplState_16917315,Application,NA,NA,NA,NA,NA,NA,complete,2016-01-14T07:00:14Z,2016-01-14T07:00:14Z
Application_1746793196,A_Create Application,User_1,2016/01/01 13:34:53.911,2016/01/01 13:34:53.911,Variant 256,256,New credit,Car,5e3,NA,Created,NA,Application_1746793196,Application,NA,NA,NA,NA,NA,NA,complete,2016-01-01T12:34:53Z,2016-01-01T12:34:53Z
Application_1746793196,A_Submitted,User_1,2016/01/01 13:34:53.950,2016/01/01 13:34:53.950,Variant 256,256,New credit,Car,5e3,NA,statechange,NA,ApplState_282472804,Application,NA,NA,NA,NA,NA,NA,complete,2016-01-01T12:34:53Z,2016-01-01T12:34:53Z
Application_1746793196,W_Handle leads,User_17,2016/01/02 10:05:02.658,2016/01/02 10:06:04.201,Variant 256,256,New credit,Car,5e3,NA,Deleted,NA,Workitem_548358991,Workflow,NA,NA,NA,NA,NA,NA,complete,2016-01-02T09:05:02Z,2016-01-02T09:06:04Z
Application_1746793196,W_Complete application,User_19,2016/01/02 10:06:04.209,2016/01/04 18:23:02.547,Variant 256,256,New credit,Car,5e3,NA,Deleted,NA,Workitem_1167420013,Workflow,NA,NA,NA,NA,NA,NA,complete,2016-01-02T09:06:04Z,2016-01-04T17:23:02Z
Application_1746793196,A_Concept,User_17,2016/01/02 10:06:04.213,2016/01/02 10:06:04.213,Variant 256,256,New credit,Car,5e3,NA,statechange,NA,ApplState_694592100,Application,NA,NA,NA,NA,NA,NA,complete,2016-01-02T09:06:04Z,2016-01-02T09:06:04Z
Application_1746793196,A_Accepted,User_19,2016/01/04 18:15:59.130,2016/01/04 18:15:59.130,Variant 256,256,New credit,Car,5e3,NA,statechange,NA,ApplState_954927792,Application,NA,NA,NA,NA,NA,NA,complete,2016-01-04T17:15:59Z,2016-01-04T17:15:59Z
Application_1746793196,O_Create Offer,User_19,2016/01/04 18:19:15.892,2016/01/04 18:19:15.892,Variant 256,256,New credit,Car,5e3,false,Created,0,Offer_1319158006,Offer,3726,198.65,96,NA,15700,false,complete,2016-01-04T17:19:15Z,2016-01-04T17:19:15Z
Application_1746793196,O_Created,User_19,2016/01/04 18:19:17.295,2016/01/04 18:19:17.295,Variant 256,256,New credit,Car,5e3,NA,statechange,NA,OfferState_133034254,Offer,NA,NA,NA,Offer_1319158006,NA,NA,complete,2016-01-04T17:19:17Z,2016-01-04T17:19:17Z
Application_1746793196,O_Sent (mail and online),User_19,2016/01/04 18:23:02.522,2016/01/04 18:23:02.522,Variant 256,256,New credit,Car,5e3,NA,statechange,NA,OfferState_644503319,Offer,NA,NA,NA,Offer_1319158006,NA,NA,complete,2016-01-04T17:23:02Z,2016-01-04T17:23:02Z
Application_1746793196,W_Call after offers,User_19,2016/01/04 18:23:02.562,2016/01/04 18:23:02.562,Variant 256,256,New credit,Car,5e3,NA,Obtained,NA,Workitem_448873828,Workflow,NA,NA,NA,NA,NA,NA,start,2016-01-04T17:23:02Z,2016-01-04T17:23:02Z
Application_1746793196,A_Complete,User_19,2016/01/04 18:23:02.565,2016/01/04 18:23:02.565,Variant 256,256,New credit,Car,5e3,NA,statechange,NA,ApplState_1386029472,Application,NA,NA,NA,NA,NA,NA,complete,2016-01-04T17:23:02Z,2016-01-04T17:23:02Z
Application_1746793196,O_Create Offer,User_12,2016/01/09 10:48:22.412,2016/01/09 10:48:22.412,Variant 256,256,New credit,Car,5e3,false,Created,834,Offer_774210695,Offer,3726,252.73,72,NA,15700,true,complete,2016-01-09T09:48:22Z,2016-01-09T09:48:22Z
Application_1746793196,O_Created,User_12,2016/01/09 10:48:23.790,2016/01/09 10:48:23.790,Variant 256,256,New credit,Car,5e3,NA,statechange,NA,OfferState_277936825,Offer,NA,NA,NA,Offer_774210695,NA,NA,complete,2016-01-09T09:48:23Z,2016-01-09T09:48:23Z
Application_1746793196,O_Sent (mail and online),User_12,2016/01/09 10:48:33.917,2016/01/09 10:48:33.917,Variant 256,256,New credit,Car,5e3,NA,statechange,NA,OfferState_307874946,Offer,NA,NA,NA,Offer_774210695,NA,NA,complete,2016-01-09T09:48:33Z,2016-01-09T09:48:33Z
Application_1746793196,W_Validate application,User_95,2016/01/25 14:37:28.559,2016/01/28 10:18:39.340,Variant 256,256,New credit,Car,5e3,NA,Deleted,NA,Workitem_337672531,Workflow,NA,NA,NA,NA,NA,NA,complete,2016-01-25T13:37:28Z,2016-01-28T09:18:39Z
Application_1746793196,A_Validating,User_119,2016/01/25 14:37:29.552,2016/01/25 14:37:29.552,Variant 256,256,New credit,Car,5e3,NA,statechange,NA,ApplState_1497466516,Application,NA,NA,NA,NA,NA,NA,complete,2016-01-25T13:37:29Z,2016-01-25T13:37:29Z
Application_1746793196,O_Returned,User_119,2016/01/25 14:37:59.579,2016/01/25 14:37:59.579,Variant 256,256,New credit,Car,5e3,NA,statechange,NA,OfferState_229951725,Offer,NA,NA,NA,Offer_774210695,NA,NA,complete,2016-01-25T13:37:59Z,2016-01-25T13:37:59Z
Application_1746793196,W_Call incomplete files,User_114,2016/01/26 09:42:09.995,2016/01/26 09:42:09.995,Variant 256,256,New credit,Car,5e3,NA,Obtained,NA,Workitem_1935741063,Workflow,NA,NA,NA,NA,NA,NA,start,2016-01-26T08:42:09Z,2016-01-26T08:42:09Z
Application_1746793196,A_Incomplete,User_114,2016/01/26 09:42:09.997,2016/01/26 09:42:09.997,Variant 256,256,New credit,Car,5e3,NA,statechange,NA,ApplState_413924701,Application,NA,NA,NA,NA,NA,NA,complete,2016-01-26T08:42:09Z,2016-01-26T08:42:09Z
Application_1746793196,W_Validate application,User_95,2016/01/27 11:57:57.379,2016/01/28 13:18:51.295,Variant 256,256,New credit,Car,5e3,NA,Deleted,NA,Workitem_871836313,Workflow,NA,NA,NA,NA,NA,NA,complete,2016-01-27T10:57:57Z,2016-01-28T12:18:51Z
Application_1746793196,A_Validating,User_118,2016/01/27 11:57:57.455,2016/01/27 11:57:57.455,Variant 256,256,New credit,Car,5e3,NA,statechange,NA,ApplState_1925923775,Application,NA,NA,NA,NA,NA,NA,complete,2016-01-27T10:57:57Z,2016-01-27T10:57:57Z
Application_1746793196,W_Call incomplete files,User_95,2016/01/28 10:18:39.348,2016/01/28 10:18:39.348,Variant 256,256,New credit,Car,5e3,NA,Obtained,NA,Workitem_1372798638,Workflow,NA,NA,NA,NA,NA,NA,start,2016-01-28T09:18:39Z,2016-01-28T09:18:39Z
Application_1746793196,A_Incomplete,User_95,2016/01/28 10:18:39.350,2016/01/28 10:18:39.350,Variant 256,256,New credit,Car,5e3,NA,statechange,NA,ApplState_1073225954,Application,NA,NA,NA,NA,NA,NA,complete,2016-01-28T09:18:39Z,2016-01-28T09:18:39Z
Application_1746793196,W_Validate application,User_116,2016/01/28 12:56:13.868,2016/01/28 12:56:13.868,Variant 256,256,New credit,Car,5e3,NA,Obtained,NA,Workitem_320505088,Workflow,NA,NA,NA,NA,NA,NA,start,2016-01-28T11:56:13Z,2016-01-28T11:56:13Z
Application_1746793196,A_Validating,User_116,2016/01/28 12:56:13.933,2016/01/28 12:56:13.933,Variant 256,256,New credit,Car,5e3,NA,statechange,NA,ApplState_620620025,Application,NA,NA,NA,NA,NA,NA,complete,2016-01-28T11:56:13Z,2016-01-28T11:56:13Z
Application_1746793196,O_Accepted,User_95,2016/01/28 13:18:51.289,2016/01/28 13:18:51.289,Variant 256,256,New credit,Car,5e3,NA,statechange,NA,OfferState_379863070,Offer,NA,NA,NA,Offer_774210695,NA,NA,complete,2016-01-28T12:18:51Z,2016-01-28T12:18:51Z
Application_1746793196,A_Pending,User_95,2016/01/28 13:18:51.292,2016/01/28 13:18:51.292,Variant 256,256,New credit,Car,5e3,NA,statechange,NA,ApplState_1840619616,Application,NA,NA,NA,NA,NA,NA,complete,2016-01-28T12:18:51Z,2016-01-28T12:18:51Z
Application_1746793196,O_Cancelled,User_95,2016/01/28 13:18:51.306,2016/01/28 13:18:51.306,Variant 256,256,New credit,Car,5e3,NA,statechange,NA,OfferState_256378072,Offer,NA,NA,NA,Offer_1319158006,NA,NA,complete,2016-01-28T12:18:51Z,2016-01-28T12:18:51Z
Application_828200680,A_Create Application,User_1,2016/01/01 14:00:04.360,2016/01/01 14:00:04.360,Variant 1,1,New credit,Home improvement,35e3,NA,Created,NA,Application_828200680,Application,NA,NA,NA,NA,NA,NA,complete,2016-01-01T13:00:04Z,2016-01-01T13:00:04Z
Application_828200680,A_Submitted,User_1,2016/01/01 14:00:04.398,2016/01/01 14:00:04.398,Variant 1,1,New credit,Home improvement,35e3,NA,statechange,NA,ApplState_420123528,Application,NA,NA,NA,NA,NA,NA,complete,2016-01-01T13:00:04Z,2016-01-01T13:00:04Z
Application_828200680,A_Concept,User_1,2016/01/01 14:01:44.671,2016/01/01 14:01:44.671,Variant 1,1,New credit,Home improvement,35e3,NA,statechange,NA,ApplState_281446729,Application,NA,NA,NA,NA,NA,NA,complete,2016-01-01T13:01:44Z,2016-01-01T13:01:44Z
Application_828200680,W_Complete application,User_19,2016/01/02 12:32:57.796,2016/01/02 12:43:56.259,Variant 1,1,New credit,Home improvement,35e3,NA,Deleted,NA,Workitem_975111658,Workflow,NA,NA,NA,NA,NA,NA,complete,2016-01-02T11:32:57Z,2016-01-02T11:43:56Z
Application_828200680,A_Accepted,User_19,2016/01/02 12:40:45.797,2016/01/02 12:40:45.797,Variant 1,1,New credit,Home improvement,35e3,NA,statechange,NA,ApplState_873422308,Application,NA,NA,NA,NA,NA,NA,complete,2016-01-02T11:40:45Z,2016-01-02T11:40:45Z
Application_828200680,O_Create Offer,User_19,2016/01/02 12:42:23.751,2016/01/02 12:42:23.751,Variant 1,1,New credit,Home improvement,35e3,true,Created,0,Offer_607758096,Offer,35e3,366.08,120,NA,35e3,false,complete,2016-01-02T11:42:23Z,2016-01-02T11:42:23Z
Application_828200680,O_Created,User_19,2016/01/02 12:42:25.106,2016/01/02 12:42:25.106,Variant 1,1,New credit,Home improvement,35e3,NA,statechange,NA,OfferState_328204955,Offer,NA,NA,NA,Offer_607758096,NA,NA,complete,2016-01-02T11:42:25Z,2016-01-02T11:42:25Z
Application_828200680,O_Sent (mail and online),User_19,2016/01/02 12:43:56.242,2016/01/02 12:43:56.242,Variant 1,1,New credit,Home improvement,35e3,NA,statechange,NA,OfferState_1161306540,Offer,NA,NA,NA,Offer_607758096,NA,NA,complete,2016-01-02T11:43:56Z,2016-01-02T11:43:56Z
Application_828200680,W_Call after offers,User_19,2016/01/02 12:43:56.269,2016/01/02 12:43:56.269,Variant 1,1,New credit,Home improvement,35e3,NA,Obtained,NA,Workitem_1894841035,Workflow,NA,NA,NA,NA,NA,NA,start,2016-01-02T11:43:56Z,2016-01-02T11:43:56Z
Application_828200680,A_Complete,User_19,2016/01/02 12:43:56.271,2016/01/02 12:43:56.271,Variant 1,1,New credit,Home improvement,35e3,NA,statechange,NA,ApplState_2090693037,Application,NA,NA,NA,NA,NA,NA,complete,2016-01-02T11:43:56Z,2016-01-02T11:43:56Z
Application_828200680,A_Cancelled,User_1,2016/02/02 08:00:20.734,2016/02/02 08:00:20.734,Variant 1,1,New credit,Home improvement,35e3,NA,statechange,NA,ApplState_1001947261,Application,NA,NA,NA,NA,NA,NA,complete,2016-02-02T07:00:20Z,2016-02-02T07:00:20Z
Application_828200680,O_Cancelled,User_1,2016/02/02 08:00:20.837,2016/02/02 08:00:20.837,Variant 1,1,New credit,Home improvement,35e3,NA,statechange,NA,OfferState_1690367453,Offer,NA,NA,NA,Offer_607758096,NA,NA,complete,2016-02-02T07:00:20Z,2016-02-02T07:00:20Z
Application_1085880569,A_Create Application,User_1,2016/01/01 14:05:19.866,2016/01/01 14:05:19.866,Variant 19,19,New credit,Existing credit takeover,13e3,NA,Created,NA,Application_1085880569,Application,NA,NA,NA,NA,NA,NA,complete,2016-01-01T13:05:19Z,2016-01-01T13:05:19Z
Application_1085880569,A_Submitted,User_1,2016/01/01 14:05:19.901,2016/01/01 14:05:19.901,Variant 19,19,New credit,Existing credit takeover,13e3,NA,statechange,NA,ApplState_736842791,Application,NA,NA,NA,NA,NA,NA,complete,2016-01-01T13:05:19Z,2016-01-01T13:05:19Z
Application_1085880569,A_Concept,User_1,2016/01/01 14:06:26.321,2016/01/01 14:06:26.321,Variant 19,19,New credit,Existing credit takeover,13e3,NA,statechange,NA,ApplState_1145436902,Application,NA,NA,NA,NA,NA,NA,complete,2016-01-01T13:06:26Z,2016-01-01T13:06:26Z
Application_1085880569,W_Complete application,User_17,2016/01/02 12:22:55.931,2016/01/02 12:45:11.179,Variant 19,19,New credit,Existing credit takeover,13e3,NA,Deleted,NA,Workitem_1190824769,Workflow,NA,NA,NA,NA,NA,NA,complete,2016-01-02T11:22:55Z,2016-01-02T11:45:11Z
Application_1085880569,A_Accepted,User_17,2016/01/02 12:40:28.520,2016/01/02 12:40:28.520,Variant 19,19,New credit,Existing credit takeover,13e3,NA,statechange,NA,ApplState_515475781,Application,NA,NA,NA,NA,NA,NA,complete,2016-01-02T11:40:28Z,2016-01-02T11:40:28Z
Application_1085880569,O_Create Offer,User_17,2016/01/02 12:43:26.149,2016/01/02 12:43:26.149,Variant 19,19,New credit,Existing credit takeover,13e3,true,Created,0,Offer_213805292,Offer,400,143.91,120,NA,13e3,false,complete,2016-01-02T11:43:26Z,2016-01-02T11:43:26Z
Application_1085880569,O_Created,User_17,2016/01/02 12:43:27.409,2016/01/02 12:43:27.409,Variant 19,19,New credit,Existing credit takeover,13e3,NA,statechange,NA,OfferState_677711590,Offer,NA,NA,NA,Offer_213805292,NA,NA,complete,2016-01-02T11:43:27Z,2016-01-02T11:43:27Z
Application_1085880569,O_Sent (mail and online),User_17,2016/01/02 12:45:11.161,2016/01/02 12:45:11.161,Variant 19,19,New credit,Existing credit takeover,13e3,NA,statechange,NA,OfferState_946572032,Offer,NA,NA,NA,Offer_213805292,NA,NA,complete,2016-01-02T11:45:11Z,2016-01-02T11:45:11Z
Application_1085880569,W_Call after offers,User_17,2016/01/02 12:45:11.190,2016/01/02 12:45:11.190,Variant 19,19,New credit,Existing credit takeover,13e3,NA,Obtained,NA,Workitem_2046172652,Workflow,NA,NA,NA,NA,NA,NA,start,2016-01-02T11:45:11Z,2016-01-02T11:45:11Z
Application_1085880569,A_Complete,User_17,2016/01/02 12:45:11.193,2016/01/02 12:45:11.193,Variant 19,19,New credit,Existing credit takeover,13e3,NA,statechange,NA,ApplState_714356828,Application,NA,NA,NA,NA,NA,NA,complete,2016-01-02T11:45:11Z,2016-01-02T11:45:11Z
Application_1085880569,O_Create Offer,User_8,2016/01/29 10:35:42.536,2016/01/29 10:35:42.536,Variant 19,19,New credit,Existing credit takeover,13e3,true,Created,0,Offer_644568599,Offer,400,141.45,120,NA,13e3,false,complete,2016-01-29T09:35:42Z,2016-01-29T09:35:42Z
Application_1085880569,O_Created,User_8,2016/01/29 10:35:44.435,2016/01/29 10:35:44.435,Variant 19,19,New credit,Existing credit takeover,13e3,NA,statechange,NA,OfferState_480218486,Offer,NA,NA,NA,Offer_644568599,NA,NA,complete,2016-01-29T09:35:44Z,2016-01-29T09:35:44Z
Application_1085880569,O_Sent (mail and online),User_8,2016/01/29 10:35:55.121,2016/01/29 10:35:55.121,Variant 19,19,New credit,Existing credit takeover,13e3,NA,statechange,NA,OfferState_1261863312,Offer,NA,NA,NA,Offer_644568599,NA,NA,complete,2016-01-29T09:35:55Z,2016-01-29T09:35:55Z
Application_1085880569,A_Cancelled,User_1,2016/02/29 08:00:48.775,2016/02/29 08:00:48.775,Variant 19,19,New credit,Existing credit takeover,13e3,NA,statechange,NA,ApplState_2080840955,Application,NA,NA,NA,NA,NA,NA,complete,2016-02-29T07:00:48Z,2016-02-29T07:00:48Z
Application_1085880569,O_Cancelled,User_1,2016/02/29 08:00:48.807,2016/02/29 08:00:48.807,Variant 19,19,New credit,Existing credit takeover,13e3,NA,statechange,NA,OfferState_1279812041,Offer,NA,NA,NA,Offer_644568599,NA,NA,complete,2016-02-29T07:00:48Z,2016-02-29T07:00:48Z
Application_1085880569,O_Cancelled,User_1,2016/02/29 08:00:48.815,2016/02/29 08:00:48.815,Variant 19,19,New credit,Existing credit takeover,13e3,NA,statechange,NA,OfferState_1604131650,Offer,NA,NA,NA,Offer_213805292,NA,NA,complete,2016-02-29T07:00:48Z,2016-02-29T07:00:48Z
Application_1266995739,A_Create Application,User_1,2016/01/01 14:22:19.758,2016/01/01 14:22:19.758,Variant 30,30,New credit,Existing credit takeover,7e3,NA,Created,NA,Application_1266995739,Application,NA,NA,NA,NA,NA,NA,complete,2016-01-01T13:22:19Z,2016-01-01T13:22:19Z
Application_1266995739,A_Submitted,User_1,2016/01/01 14:22:19.796,2016/01/01 14:22:19.796,Variant 30,30,New credit,Existing credit takeover,7e3,NA,statechange,NA,ApplState_1503316651,Application,NA,NA,NA,NA,NA,NA,complete,2016-01-01T13:22:19Z,2016-01-01T13:22:19Z
Application_1266995739,A_Concept,User_1,2016/01/01 14:23:29.511,2016/01/01 14:23:29.511,Variant 30,30,New credit,Existing credit takeover,7e3,NA,statechange,NA,ApplState_287418819,Application,NA,NA,NA,NA,NA,NA,complete,2016-01-01T13:23:29Z,2016-01-01T13:23:29Z
Application_1266995739,W_Complete application,User_19,2016/01/02 12:46:28.903,2016/01/02 12:46:28.903,Variant 30,30,New credit,Existing credit takeover,7e3,NA,Obtained,NA,Workitem_404415314,Workflow,NA,NA,NA,NA,NA,NA,start,2016-01-02T11:46:28Z,2016-01-02T11:46:28Z
Application_1266995739,A_Accepted,User_3,2016/01/02 14:35:32.248,2016/01/02 14:35:32.248,Variant 30,30,New credit,Existing credit takeover,7e3,NA,statechange,NA,ApplState_784589932,Application,NA,NA,NA,NA,NA,NA,complete,2016-01-02T13:35:32Z,2016-01-02T13:35:32Z
Application_1266995739,O_Create Offer,User_3,2016/01/02 14:38:19.507,2016/01/02 14:38:19.507,Variant 30,30,New credit,Existing credit takeover,7e3,false,Created,0,Offer_467024374,Offer,0,195.73,40,NA,7e3,true,complete,2016-01-02T13:38:19Z,2016-01-02T13:38:19Z
Application_1266995739,O_Created,User_3,2016/01/02 14:38:20.745,2016/01/02 14:38:20.745,Variant 30,30,New credit,Existing credit takeover,7e3,NA,statechange,NA,OfferState_320497291,Offer,NA,NA,NA,Offer_467024374,NA,NA,complete,2016-01-02T13:38:20Z,2016-01-02T13:38:20Z
Application_1266995739,O_Sent (mail and online),User_3,2016/01/02 14:38:31.338,2016/01/02 14:38:31.338,Variant 30,30,New credit,Existing credit takeover,7e3,NA,statechange,NA,OfferState_1832385008,Offer,NA,NA,NA,Offer_467024374,NA,NA,complete,2016-01-02T13:38:31Z,2016-01-02T13:38:31Z
Application_1266995739,W_Call after offers,User_3,2016/01/02 14:38:31.366,2016/01/02 14:38:31.366,Variant 30,30,New credit,Existing credit takeover,7e3,NA,Obtained,NA,Workitem_1308329251,Workflow,NA,NA,NA,NA,NA,NA,start,2016-01-02T13:38:31Z,2016-01-02T13:38:31Z
Application_1266995739,A_Complete,User_3,2016/01/02 14:38:31.368,2016/01/02 14:38:31.368,Variant 30,30,New credit,Existing credit takeover,7e3,NA,statechange,NA,ApplState_561170698,Application,NA,NA,NA,NA,NA,NA,complete,2016-01-02T13:38:31Z,2016-01-02T13:38:31Z
Application_1266995739,W_Validate application,User_113,2016/01/08 10:21:19.936,2016/01/08 10:21:19.936,Variant 30,30,New credit,Existing credit takeover,7e3,NA,Obtained,NA,Workitem_958106959,Workflow,NA,NA,NA,NA,NA,NA,start,2016-01-08T09:21:19Z,2016-01-08T09:21:19Z
Application_1266995739,A_Validating,User_113,2016/01/08 10:21:20.819,2016/01/08 10:21:20.819,Variant 30,30,New credit,Existing credit takeover,7e3,NA,statechange,NA,ApplState_541351824,Application,NA,NA,NA,NA,NA,NA,complete,2016-01-08T09:21:20Z,2016-01-08T09:21:20Z
Application_1266995739,O_Returned,User_113,2016/01/08 10:21:27.927,2016/01/08 10:21:27.927,Variant 30,30,New credit,Existing credit takeover,7e3,NA,statechange,NA,OfferState_569646273,Offer,NA,NA,NA,Offer_467024374,NA,NA,complete,2016-01-08T09:21:27Z,2016-01-08T09:21:27Z
Application_1266995739,W_Call incomplete files,User_100,2016/01/08 13:46:40.548,2016/01/08 13:46:40.548,Variant 30,30,New credit,Existing credit takeover,7e3,NA,Obtained,NA,Workitem_50051323,Workflow,NA,NA,NA,NA,NA,NA,start,2016-01-08T12:46:40Z,2016-01-08T12:46:40Z
Application_1266995739,A_Incomplete,User_100,2016/01/08 13:46:40.555,2016/01/08 13:46:40.555,Variant 30,30,New credit,Existing credit takeover,7e3,NA,statechange,NA,ApplState_1874120270,Application,NA,NA,NA,NA,NA,NA,complete,2016-01-08T12:46:40Z,2016-01-08T12:46:40Z
Application_1266995739,A_Cancelled,User_27,2016/01/09 16:48:53.141,2016/01/09 16:48:53.141,Variant 30,30,New credit,Existing credit takeover,7e3,NA,statechange,NA,ApplState_1779667275,Application,NA,NA,NA,NA,NA,NA,complete,2016-01-09T15:48:53Z,2016-01-09T15:48:53Z
Application_1266995739,O_Cancelled,User_27,2016/01/09 16:48:53.168,2016/01/09 16:48:53.168,Variant 30,30,New credit,Existing credit takeover,7e3,NA,statechange,NA,OfferState_1624044404,Offer,NA,NA,NA,Offer_467024374,NA,NA,complete,2016-01-09T15:48:53Z,2016-01-09T15:48:53Z
Application_1878239836,A_Create Application,User_1,2016/01/01 14:35:26.422,2016/01/01 14:35:26.422,Variant 9,9,New credit,Home improvement,15e3,NA,Created,NA,Application_1878239836,Application,NA,NA,NA,NA,NA,NA,complete,2016-01-01T13:35:26Z,2016-01-01T13:35:26Z
Application_1878239836,A_Submitted,User_1,2016/01/01 14:35:26.463,2016/01/01 14:35:26.463,Variant 9,9,New credit,Home improvement,15e3,NA,statechange,NA,ApplState_649299817,Application,NA,NA,NA,NA,NA,NA,complete,2016-01-01T13:35:26Z,2016-01-01T13:35:26Z
Application_1878239836,A_Concept,User_1,2016/01/01 14:36:31.003,2016/01/01 14:36:31.003,Variant 9,9,New credit,Home improvement,15e3,NA,statechange,NA,ApplState_70781426,Application,NA,NA,NA,NA,NA,NA,complete,2016-01-01T13:36:31Z,2016-01-01T13:36:31Z
Application_1878239836,W_Complete application,User_3,2016/01/02 14:32:03.433,2016/01/02 15:00:19.915,Variant 9,9,New credit,Home improvement,15e3,NA,Deleted,NA,Workitem_211351604,Workflow,NA,NA,NA,NA,NA,NA,complete,2016-01-02T13:32:03Z,2016-01-02T14:00:19Z
Application_1878239836,A_Accepted,User_3,2016/01/02 14:59:27.406,2016/01/02 14:59:27.406,Variant 9,9,New credit,Home improvement,15e3,NA,statechange,NA,ApplState_1724218207,Application,NA,NA,NA,NA,NA,NA,complete,2016-01-02T13:59:27Z,2016-01-02T13:59:27Z
Application_1878239836,O_Create Offer,User_3,2016/01/02 14:59:59.998,2016/01/02 14:59:59.998,Variant 9,9,New credit,Home improvement,15e3,true,Created,0,Offer_117620760,Offer,328,211.9,84,NA,15e3,true,complete,2016-01-02T13:59:59Z,2016-01-02T13:59:59Z
Application_1878239836,O_Created,User_3,2016/01/02 15:00:01.362,2016/01/02 15:00:01.362,Variant 9,9,New credit,Home improvement,15e3,NA,statechange,NA,OfferState_1078624957,Offer,NA,NA,NA,Offer_117620760,NA,NA,complete,2016-01-02T14:00:01Z,2016-01-02T14:00:01Z
Application_1878239836,O_Sent (mail and online),User_3,2016/01/02 15:00:19.890,2016/01/02 15:00:19.890,Variant 9,9,New credit,Home improvement,15e3,NA,statechange,NA,OfferState_1280164227,Offer,NA,NA,NA,Offer_117620760,NA,NA,complete,2016-01-02T14:00:19Z,2016-01-02T14:00:19Z
Application_1878239836,W_Call after offers,User_3,2016/01/02 15:00:20.005,2016/01/02 15:00:20.005,Variant 9,9,New credit,Home improvement,15e3,NA,Obtained,NA,Workitem_1094488878,Workflow,NA,NA,NA,NA,NA,NA,start,2016-01-02T14:00:20Z,2016-01-02T14:00:20Z
Application_1878239836,A_Complete,User_3,2016/01/02 15:00:20.011,2016/01/02 15:00:20.011,Variant 9,9,New credit,Home improvement,15e3,NA,statechange,NA,ApplState_1631192678,Application,NA,NA,NA,NA,NA,NA,complete,2016-01-02T14:00:20Z,2016-01-02T14:00:20Z
Application_1878239836,W_Validate application,User_99,2016/01/08 11:08:49.262,2016/01/11 10:30:53.009,Variant 9,9,New credit,Home improvement,15e3,NA,Deleted,NA,Workitem_681085295,Workflow,NA,NA,NA,NA,NA,NA,complete,2016-01-08T10:08:49Z,2016-01-11T09:30:53Z
Application_1878239836,A_Validating,User_113,2016/01/08 11:08:50.154,2016/01/08 11:08:50.154,Variant 9,9,New credit,Home improvement,15e3,NA,statechange,NA,ApplState_1638726748,Application,NA,NA,NA,NA,NA,NA,complete,2016-01-08T10:08:50Z,2016-01-08T10:08:50Z
Application_1878239836,O_Returned,User_113,2016/01/08 11:09:09.540,2016/01/08 11:09:09.540,Variant 9,9,New credit,Home improvement,15e3,NA,statechange,NA,OfferState_789899351,Offer,NA,NA,NA,Offer_117620760,NA,NA,complete,2016-01-08T10:09:09Z,2016-01-08T10:09:09Z
Application_1878239836,A_Denied,User_99,2016/01/11 10:30:52.964,2016/01/11 10:30:52.964,Variant 9,9,New credit,Home improvement,15e3,NA,statechange,NA,ApplState_427425012,Application,NA,NA,NA,NA,NA,NA,complete,2016-01-11T09:30:52Z,2016-01-11T09:30:52Z
Application_1878239836,O_Refused,User_99,2016/01/11 10:30:52.996,2016/01/11 10:30:52.996,Variant 9,9,New credit,Home improvement,15e3,NA,statechange,NA,OfferState_722957562,Offer,NA,NA,NA,Offer_117620760,NA,NA,complete,2016-01-11T09:30:52Z,2016-01-11T09:30:52Z
Application_619403287,A_Create Application,User_1,2016/01/01 15:13:16.064,2016/01/01 15:13:16.064,Variant 6,6,New credit,Car,15e3,NA,Created,NA,Application_619403287,Application,NA,NA,NA,NA,NA,NA,complete,2016-01-01T14:13:16Z,2016-01-01T14:13:16Z
Application_619403287,A_Submitted,User_1,2016/01/01 15:13:16.117,2016/01/01 15:13:16.117,Variant 6,6,New credit,Car,15e3,NA,statechange,NA,ApplState_1207742536,Application,NA,NA,NA,NA,NA,NA,complete,2016-01-01T14:13:16Z,2016-01-01T14:13:16Z
Application_619403287,A_Concept,User_1,2016/01/01 15:14:33.857,2016/01/01 15:14:33.857,Variant 6,6,New credit,Car,15e3,NA,statechange,NA,ApplState_1877855588,Application,NA,NA,NA,NA,NA,NA,complete,2016-01-01T14:14:33Z,2016-01-01T14:14:33Z
Application_619403287,W_Complete application,User_19,2016/01/02 15:26:27.976,2016/01/02 15:44:54.610,Variant 6,6,New credit,Car,15e3,NA,Deleted,NA,Workitem_1701842789,Workflow,NA,NA,NA,NA,NA,NA,complete,2016-01-02T14:26:27Z,2016-01-02T14:44:54Z
Application_619403287,A_Accepted,User_19,2016/01/02 15:32:24.768,2016/01/02 15:32:24.768,Variant 6,6,New credit,Car,15e3,NA,statechange,NA,ApplState_361506504,Application,NA,NA,NA,NA,NA,NA,complete,2016-01-02T14:32:24Z,2016-01-02T14:32:24Z
Application_619403287,O_Create Offer,User_19,2016/01/02 15:41:07.809,2016/01/02 15:41:07.809,Variant 6,6,New credit,Car,15e3,true,Created,799,Offer_1534843733,Offer,14007,282.96,60,NA,15e3,true,complete,2016-01-02T14:41:07Z,2016-01-02T14:41:07Z
Application_619403287,O_Created,User_19,2016/01/02 15:41:09.180,2016/01/02 15:41:09.180,Variant 6,6,New credit,Car,15e3,NA,statechange,NA,OfferState_747412500,Offer,NA,NA,NA,Offer_1534843733,NA,NA,complete,2016-01-02T14:41:09Z,2016-01-02T14:41:09Z
Application_619403287,O_Sent (mail and online),User_19,2016/01/02 15:44:54.594,2016/01/02 15:44:54.594,Variant 6,6,New credit,Car,15e3,NA,statechange,NA,OfferState_31930877,Offer,NA,NA,NA,Offer_1534843733,NA,NA,complete,2016-01-02T14:44:54Z,2016-01-02T14:44:54Z
Application_619403287,W_Call after offers,User_19,2016/01/02 15:44:54.621,2016/01/02 15:44:54.621,Variant 6,6,New credit,Car,15e3,NA,Obtained,NA,Workitem_119324096,Workflow,NA,NA,NA,NA,NA,NA,start,2016-01-02T14:44:54Z,2016-01-02T14:44:54Z
Application_619403287,A_Complete,User_19,2016/01/02 15:44:54.624,2016/01/02 15:44:54.624,Variant 6,6,New credit,Car,15e3,NA,statechange,NA,ApplState_755873942,Application,NA,NA,NA,NA,NA,NA,complete,2016-01-02T14:44:54Z,2016-01-02T14:44:54Z
Application_619403287,W_Validate application,User_118,2016/01/11 11:05:54.830,2016/01/11 11:05:54.830,Variant 6,6,New credit,Car,15e3,NA,Obtained,NA,Workitem_1471047465,Workflow,NA,NA,NA,NA,NA,NA,start,2016-01-11T10:05:54Z,2016-01-11T10:05:54Z
Application_619403287,A_Validating,User_118,2016/01/11 11:05:55.740,2016/01/11 11:05:55.740,Variant 6,6,New credit,Car,15e3,NA,statechange,NA,ApplState_1311675852,Application,NA,NA,NA,NA,NA,NA,complete,2016-01-11T10:05:55Z,2016-01-11T10:05:55Z
Application_619403287,O_Returned,User_118,2016/01/11 11:07:25.792,2016/01/11 11:07:25.792,Variant 6,6,New credit,Car,15e3,NA,statechange,NA,OfferState_1434902311,Offer,NA,NA,NA,Offer_1534843733,NA,NA,complete,2016-01-11T10:07:25Z,2016-01-11T10:07:25Z
Application_619403287,W_Call incomplete files,User_100,2016/01/12 11:00:09.613,2016/01/12 11:00:09.613,Variant 6,6,New credit,Car,15e3,NA,Obtained,NA,Workitem_1150791916,Workflow,NA,NA,NA,NA,NA,NA,start,2016-01-12T10:00:09Z,2016-01-12T10:00:09Z
Application_619403287,A_Incomplete,User_100,2016/01/12 11:00:09.615,2016/01/12 11:00:09.615,Variant 6,6,New credit,Car,15e3,NA,statechange,NA,ApplState_650228270,Application,NA,NA,NA,NA,NA,NA,complete,2016-01-12T10:00:09Z,2016-01-12T10:00:09Z
Application_619403287,O_Accepted,User_119,2016/01/22 09:03:30.895,2016/01/22 09:03:30.895,Variant 6,6,New credit,Car,15e3,NA,statechange,NA,OfferState_1955110075,Offer,NA,NA,NA,Offer_1534843733,NA,NA,complete,2016-01-22T08:03:30Z,2016-01-22T08:03:30Z
Application_619403287,A_Pending,User_119,2016/01/22 09:03:30.899,2016/01/22 09:03:30.899,Variant 6,6,New credit,Car,15e3,NA,statechange,NA,ApplState_1373444220,Application,NA,NA,NA,NA,NA,NA,complete,2016-01-22T08:03:30Z,2016-01-22T08:03:30Z
Application_1710223761,A_Create Application,User_1,2016/01/01 15:23:21.334,2016/01/01 15:23:21.334,Variant 1,1,New credit,Car,11e3,NA,Created,NA,Application_1710223761,Application,NA,NA,NA,NA,NA,NA,complete,2016-01-01T14:23:21Z,2016-01-01T14:23:21Z
Application_1710223761,A_Submitted,User_1,2016/01/01 15:23:21.381,2016/01/01 15:23:21.381,Variant 1,1,New credit,Car,11e3,NA,statechange,NA,ApplState_575564150,Application,NA,NA,NA,NA,NA,NA,complete,2016-01-01T14:23:21Z,2016-01-01T14:23:21Z
Application_1710223761,A_Concept,User_1,2016/01/01 15:24:54.538,2016/01/01 15:24:54.538,Variant 1,1,New credit,Car,11e3,NA,statechange,NA,ApplState_1784923327,Application,NA,NA,NA,NA,NA,NA,complete,2016-01-01T14:24:54Z,2016-01-01T14:24:54Z
Application_1710223761,W_Complete application,User_17,2016/01/02 15:29:42.892,2016/01/02 15:29:42.892,Variant 1,1,New credit,Car,11e3,NA,Obtained,NA,Workitem_301236238,Workflow,NA,NA,NA,NA,NA,NA,start,2016-01-02T14:29:42Z,2016-01-02T14:29:42Z
Application_1710223761,A_Accepted,User_3,2016/01/02 16:48:12.301,2016/01/02 16:48:12.301,Variant 1,1,New credit,Car,11e3,NA,statechange,NA,ApplState_1328647978,Application,NA,NA,NA,NA,NA,NA,complete,2016-01-02T15:48:12Z,2016-01-02T15:48:12Z
Application_1710223761,O_Create Offer,User_3,2016/01/02 16:50:34.334,2016/01/02 16:50:34.334,Variant 1,1,New credit,Car,11e3,true,Created,0,Offer_108214080,Offer,0,220,57,NA,11e3,false,complete,2016-01-02T15:50:34Z,2016-01-02T15:50:34Z
Application_1710223761,O_Created,User_3,2016/01/02 16:50:35.636,2016/01/02 16:50:35.636,Variant 1,1,New credit,Car,11e3,NA,statechange,NA,OfferState_1765583054,Offer,NA,NA,NA,Offer_108214080,NA,NA,complete,2016-01-02T15:50:35Z,2016-01-02T15:50:35Z
Application_1710223761,O_Sent (mail and online),User_3,2016/01/02 16:50:48.565,2016/01/02 16:50:48.565,Variant 1,1,New credit,Car,11e3,NA,statechange,NA,OfferState_1025469920,Offer,NA,NA,NA,Offer_108214080,NA,NA,complete,2016-01-02T15:50:48Z,2016-01-02T15:50:48Z
